{
  "version": 1,
  "sourceData": {
    "coreLabels": [
      {
        "id": 0,
        "name": "C1",
        "x": 0.642824346533225,
        "y": 0.642824346533225
      }
    ],
    "surfaceLabels": [
      {
        "id": 0,
        "name": "S1",
        "x": -0.7071067811865475,
        "y": -0.7071067811865476,
        "size": 1.5
      }
    ]
  },
  "plot": {
    "coreLabels": [
      {
        "id": 0,
        "name": "C1",
        "truncatedName": "C1",
        "anchor": {
          "x": 357.1373910888708,
          "y": 142.8626089111292,
          "r": 2
        },
        "label": {
          "x": 347.9140625,
          "y": 139.8671875,
          "width": 17.90625,
          "height": 16
        },
        "width": 17.90625,
        "height": 16,
        "labelLineConnector": {
          "x": 356.8671875,
          "y": 139.8671875
        },
        "moved": true
      }
    ],
    "surfaceLabels": [
      {
        "id": 0,
        "name": "S1",
        "size": 1.5,
        "truncatedName": "S1",
        "anchor": {
          "x": 132.1488698022421,
          "y": 367.8511301977579
        },
        "label": {
          "x": 162,
          "y": 300
        },
        "width": 25.6875,
        "height": 24,
        "moved": true
      }
    ]
  },
  "plotSize": {
    "width": 500,
    "height": 500
  },
  "circleRadius": 166.66666666666666,
  "center": {
    "x": 250,
    "y": 250
  },
  "configInvariants": {
    "coreLabelFontSize": 14,
    "surfaceLabelMinimumLabelDistance": 15,
    "surfaceLabelRadialPadding": 3,
    "surfaceLabelFontBaseSize": 14
  }
}