{
  "center": {
    "x": 250,
    "y": 250
  },
  "circleRadius": 137,
  "configInvariants": {
    "coreLabelFontSize": 14,
    "surfaceLabelFontBaseSize": 14,
    "surfaceLabelMinimumLabelDistance": 15,
    "surfaceLabelRadialPadding": 3
  },
  "plot": {
    "coreLabels": [
      {
        "anchor": {
          "r": 2,
          "x": 338.0669354750518,
          "y": 161.93306452494818
        },
        "height": 16,
        "id": 0,
        "label": {
          "height": 16,
          "width": 17.890625,
          "x": 337.93710474338695,
          "y": 191.81386604462452
        },
        "labelLineConnector": {
          "x": 337.93710474338695,
          "y": 175.81386604462452
        },
        "name": "C1",
        "truncatedName": "C1",
        "width": 17.890625
      }
    ],
    "surfaceLabels": [
      {
        "anchor": {
          "x": 153.126370977443,
          "y": 346.873629022557
        },
        "height": 24,
        "id": 0,
        "label": {
          "x": 151.00505063388334,
          "y": 348.99494936611666
        },
        "name": "S1",
        "size": 1.5,
        "truncatedName": "S1",
        "width": 25.671875
      }
    ]
  },
  "plotSize": {
    "height": 500,
    "width": 500
  },
  "sourceData": {
    "coreLabels": [
      {
        "id": 0,
        "name": "C1",
        "x": 0.642824346533225,
        "y": 0.642824346533225
      }
    ],
    "surfaceLabels": [
      {
        "id": 0,
        "name": "S1",
        "size": 1.5,
        "x": -0.7071067811865475,
        "y": -0.7071067811865476
      }
    ]
  },
  "version": 1
}