{
  "version": 1,
  "sourceData": {
    "coreLabels": [
      {
        "id": 0,
        "name": "C1",
        "x": 0.642824346533225,
        "y": 0.642824346533225
      }
    ],
    "surfaceLabels": [
      {
        "id": 0,
        "name": "S1",
        "x": -0.7071067811865475,
        "y": -0.7071067811865476,
        "size": 1.5
      }
    ]
  },
  "plot": {
    "coreLabels": [
      {
        "id": 0,
        "name": "C1",
        "truncatedName": "C1",
        "anchor": {
          "x": 305.92571814839056,
          "y": 194.07428185160944,
          "r": 2
        },
        "label": {
          "x": 306.0861759306347,
          "y": 224.31477115499766,
          "width": 17.90625,
          "height": 16
        },
        "width": 17.90625,
        "height": 16,
        "labelLineConnector": {
          "x": 306.0861759306347,
          "y": 208.31477115499766
        }
      }
    ],
    "surfaceLabels": [
      {
        "id": 0,
        "name": "S1",
        "size": 1.5,
        "truncatedName": "S1",
        "anchor": {
          "x": 188.48171003677038,
          "y": 311.5182899632296
        },
        "label": {
          "x": 186.36038969321072,
          "y": 313.6396103067893
        },
        "width": 25.6875,
        "height": 24
      }
    ]
  },
  "plotSize": {
    "width": 500,
    "height": 500
  },
  "circleRadius": 87,
  "center": {
    "x": 250,
    "y": 250
  },
  "configInvariants": {
    "coreLabelFontSize": 14,
    "surfaceLabelMinimumLabelDistance": 15,
    "surfaceLabelRadialPadding": 3,
    "surfaceLabelFontBaseSize": 14
  }
}