{
  "coreNodes": [
    [
      -1.463366472005,
      -0.3793521653708
    ],
    [
      -1.235356551405,
      1.696363946463
    ],
    [
      -1.150392959552,
      -0.7521516640163
    ],
    [
      -1.413409716576,
      -0.8407775636392
    ],
    [
      -1.490651161978,
      -1.490058965443
    ],
    [
      -0.928856779784,
      1.723226724213
    ],
    [
      -1.461162275175,
      0.2936182201667
    ],
    [
      -0.4281123099712,
      1.560886527962
    ],
    [
      -1.483539795699,
      -1.246236216518
    ],
    [
      -1.035105971734,
      0.2701549218288
    ],
    [
      -0.6940265721967,
      1.648646761036
    ],
    [
      -0.6144016065726,
      -0.2831794099996
    ],
    [
      -0.6003340340931,
      -0.152239638535
    ],
    [
      -0.6624603015692,
      -1.072354472868
    ],
    [
      -0.5054139781123,
      -1.10713857683
    ],
    [
      -0.5307146294729,
      -1.174797044544
    ],
    [
      -0.2797761338437,
      2.667682152992
    ],
    [
      -0.5363090065768,
      0.2376417398695
    ],
    [
      -0.0874168655545,
      -0.1458843678036
    ],
    [
      -0.1970886842393,
      -1.214826577173
    ],
    [
      -0.03890606805609,
      1.120051731034
    ],
    [
      0.1330418209417,
      1.140746332418
    ],
    [
      0.18243758025,
      0.8703654051412
    ],
    [
      0.2431175201354,
      -0.5203233949234
    ],
    [
      0.5962678635578,
      0.3123519818036
    ],
    [
      0.9257717803207,
      0.7126882106964
    ],
    [
      0.4950898696105,
      -1.409354792266
    ],
    [
      1.500520625135,
      1.192577563219
    ],
    [
      0.7715348176269,
      0.5367532137918
    ],
    [
      0.5475119036051,
      0.3523357628633
    ],
    [
      0.756945359479,
      0.2019800913581
    ],
    [
      1.224315574928,
      -0.7139864296807
    ],
    [
      0.8057609005604,
      -0.4624339309672
    ],
    [
      0.7643552355976,
      -1.064628191382
    ],
    [
      0.8214978896733,
      -1.360865293643
    ],
    [
      1.64165031293,
      -0.2540015920349
    ],
    [
      2.025627143634,
      0.2210326416131
    ],
    [
      1.146020979644,
      -0.006234673891588
    ],
    [
      1.139169270299,
      -0.2082301710698
    ],
    [
      1.208417377039,
      -0.2012314452885
    ],
    [
      1.589810627247,
      0.5434390100673
    ],
    [
      1.965506694775,
      -0.2299694504592
    ]
  ],
  "surfaceNodes": [
    [
      -0.08922887527669,
      -1.49536604941
    ],
    [
      1.274513486226,
      0.4148290788741
    ],
    [
      -1.20715771879,
      0.3858390087683
    ],
    [
      1.719968486478,
      0.5506320449774
    ],
    [
      1.127904081587,
      -0.3733759928702
    ],
    [
      -0.2314720444641,
      -0.3825995575787
    ],
    [
      -0.6560789539432,
      -1.110192375426
    ],
    [
      -0.7042891951384,
      2.593939724301
    ],
    [
      0.4974290183318,
      -0.1795008617363
    ],
    [
      -0.6494916550855,
      0.5780968330891
    ],
    [
      -0.2549799608495,
      -0.2398281899562
    ],
    [
      -0.8768981046112,
      1.860835671888
    ],
    [
      -0.5201531544175,
      0.01702596525918
    ],
    [
      -1.790348968178,
      -1.446248139917
    ],
    [
      1.601830460378,
      -0.57589542191
    ]
  ],
  "coreLabels": [
    "Porsche",
    "Nike athletic shoes",
    "Mercedes",
    "Lexus",
    "Calvin Klein perfume",
    "Reebok athletic shoes",
    "Guess jeans",
    "Levi 's jeans",
    "American Express",
    "Three mobile phone network",
    "Michelin tires",
    "Visa",
    "Foxtel cable",
    "IBM computers",
    "Sony televisions",
    "Apple computers",
    "Lee jeans",
    "Telstra",
    "Qantas",
    "Revlon cosmetics",
    "Toyota",
    "Pepsi Cola",
    "Diet Coke",
    "SBS TV",
    "Kettle chips",
    "Thins chips",
    "Oil of Olay lotion",
    "Cheezels",
    "McDonald's",
    "Kodak film",
    "Mattel toys",
    "Avon cosmetics",
    "Cadbury s chocolate",
    "ABC radio",
    "Hallmark cards",
    "Arnott's",
    "Coco Pops",
    "Lego",
    "Panadol pain reliever",
    "Colgate toothpaste",
    "Kmart",
    "Campbell's soup"
  ],
  "surfaceLabels": [
    "Charming",
    "Cheerful",
    "Daring",
    "Down.to.earth",
    "Honest",
    "Imaginative",
    "Intelligent",
    "Outdoorsy",
    "Reliable",
    "Spirited",
    "Successful",
    "Tough",
    "Up.to.date",
    "Upper.class",
    "Wholesome"
  ]
}